primary_booth,投稿数,いいね総数,いいね平均,いいね中央値,リプライ総数,リプライ平均,再投稿総数,再投稿平均,リーチ総数,リーチ平均,リーチ中央値,キャンペーン割合,体験型割合,ステージ割合,フォトスポット割合,グッズ割合,エンゲージメント率,投稿数スコア,エンゲージメント率スコア,総合スコア
メカブレ千葉決戦,793,2041.0,113.39,2.0,7.0,1.75,153.0,25.5,24823849,31303.72,55641.0,0.8537200504413619,0.0,0.0012610340479192938,0.0037831021437578815,0.0,2.7755359394703656,1.0,0.0018231118984971474,0.8003646223796995
カプコンtgs2025,594,1468.0,12.77,1.0,64.0,1.88,123.0,6.15,438836,738.78,205.0,0.015151515151515152,0.25252525252525254,0.030303030303030304,0.08922558922558922,0.025252525252525252,2.7861952861952863,0.7458492975734355,0.0018301134946818892,0.5970454607576848
litgs2025,458,57295.0,353.67,2.0,483.0,5.25,5181.0,75.09,9994350,21821.72,359.5,0.010917030567685589,0.034934497816593885,0.06550218340611354,0.11790393013100436,0.0851528384279476,137.4650655021834,0.5721583652618135,0.0902939835801741,0.47578548892548567
ナナオリ,384,23345.0,248.35,1.0,195.0,5.42,1353.0,56.38,3776356,9834.26,299.5,0.0546875,0.0390625,0.028645833333333332,0.057291666666666664,0.005208333333333333,64.82552083333333,0.4776500638569604,0.042580669440035024,0.39063618497357533
デナアビ,354,2752.0,65.52,2.0,100.0,2.17,321.0,21.4,2339980,6610.11,221.0,0.002824858757062147,0.002824858757062147,0.025423728813559324,0.03389830508474576,0.005649717514124294,8.963276836158192,0.4393358876117497,0.005887531995943856,0.35264621648858857
ktgs2025,335,79.0,6.58,3.5,10.0,1.25,8.0,2.67,271149,809.4,340.0,0.014925373134328358,0.05970149253731343,0.0029850746268656717,0.023880597014925373,0.023880597014925373,0.28955223880597014,0.41507024265644954,0.00019019250455261052,0.33209423262607013
えなこ,24,35377.0,1965.39,413.0,41.0,5.86,1120.0,70.0,21568,898.67,446.0,0.0,0.041666666666666664,0.16666666666666666,0.5,0.0,1522.4166666666667,0.017879948914431672,1.0,0.21430395913154535
アークナイツエンドフィールド,186,12815.0,156.28,7.0,71.0,4.44,1586.0,29.37,933256,5017.51,172.0,0.005376344086021506,0.03763440860215054,0.053763440860215055,0.22043010752688172,0.010752688172043012,77.80645161290323,0.2247765006385696,0.0511071990450949,0.1900426403198747
ホワサバ,181,13887.0,133.53,1.0,167.0,8.79,646.0,29.36,1254119,6928.83,265.0,0.03314917127071823,0.016574585635359115,0.08839779005524862,0.13259668508287292,0.016574585635359115,81.21546961325967,0.21839080459770116,0.05334641389014812,0.18538192645619056
カレイドガチャ,165,3320.0,33.88,1.0,5.0,1.0,174.0,9.16,337626,2046.22,173.0,0.0,0.006060606060606061,0.01818181818181818,0.15151515151515152,0.3333333333333333,21.206060606060607,0.1979565772669221,0.013929209440731692,0.16115110370168403
mechabreak,146,21471.0,230.87,7.0,140.0,3.41,1692.0,36.78,3337606,22860.32,333.0,0.0,0.00684931506849315,0.0410958904109589,0.1780821917808219,0.0,159.6095890410959,0.17369093231162197,0.10483962277591277,0.15992067040448016
運命のトリガー,128,11631.0,161.54,2.0,113.0,7.53,827.0,37.59,2687154,20993.39,316.5,0.0078125,0.046875,0.046875,0.140625,0.015625,98.2109375,0.15070242656449553,0.06450989380918495,0.13346392001343343
tarkovtgs2025,117,2457.0,25.59,3.0,97.0,1.7,289.0,9.03,157484,1346.02,255.0,0.008547008547008548,0.05128205128205128,0.017094017094017096,0.15384615384615385,0.02564102564102564,24.299145299145298,0.13665389527458494,0.015960903365796898,0.11251529689282733
nteリライフ,99,10206.0,189.0,9.0,70.0,3.89,1057.0,39.15,1210475,12227.02,381.0,0.0,0.06060606060606061,0.030303030303030304,0.1717171717171717,0.0,114.47474747474747,0.1136653895274585,0.07519278393436804,0.1059708684088404
桃源暗鬼,85,12006.0,187.59,9.5,26.0,1.44,955.0,38.2,739656,8701.84,112.0,0.0,0.07058823529411765,0.058823529411764705,0.3176470588235294,0.03529411764705882,152.78823529411764,0.09578544061302682,0.10035901382283713,0.09670015525498889
nikketgs2025,92,6877.0,98.24,18.0,45.0,1.32,598.0,13.59,1464585,15919.4,405.5,0.010869565217391304,0.03260869565217391,0.10869565217391304,0.32608695652173914,0.25,81.73913043478261,0.10472541507024266,0.05369038071144514,0.09451840819848316
konami,89,3464.0,78.73,2.0,59.0,2.81,334.0,23.86,93172,1046.88,520.0,0.0,0.02247191011235955,0.033707865168539325,0.1797752808988764,0.0,43.337078651685395,0.10089399744572158,0.028465977547770797,0.08640839346613144
rtxon,91,2.0,2.0,2.0,0.0,,0.0,,63548,698.33,371.0,0.0,0.01098901098901099,0.0,0.0,0.0,0.02197802197802198,0.10344827586206896,1.4436272578480692e-05,0.08276150794417086
segaatlustgs2025,88,407.0,8.66,2.0,20.0,1.11,45.0,3.0,87241,991.38,291.0,0.011363636363636364,0.045454545454545456,0.07954545454545454,0.11363636363636363,0.03409090909090909,5.363636363636363,0.09961685823754789,0.0035231067033574008,0.0803981079307098
starsavior,84,2643.0,94.39,3.0,68.0,11.33,223.0,18.58,516757,6151.87,206.0,0.011904761904761904,0.011904761904761904,0.0,0.13095238095238096,0.0,34.92857142857143,0.09450830140485313,0.022942846195350437,0.08019521036295259
ブラウンダスト2,76,4918.0,149.03,3.0,54.0,3.6,408.0,29.14,794353,10452.01,188.0,0.0,0.0,0.02631578947368421,0.11842105263157894,0.013157894736842105,70.78947368421052,0.0842911877394636,0.046498094269556416,0.07673256904548217
キノデン,76,3979.0,173.0,1.0,98.0,12.25,276.0,55.2,1885684,24811.63,472.0,0.0,0.0,0.02631578947368421,0.02631578947368421,0.0,57.276315789473685,0.0842911877394636,0.037621971069773066,0.0749573444055255
モンギル,77,421.0,12.03,2.0,29.0,1.93,34.0,8.5,331267,4302.17,711.0,0.03896103896103896,0.05194805194805195,0.012987012987012988,0.12987012987012986,0.03896103896103896,6.285714285714286,0.08556832694763729,0.004128773957445478,0.06928041634959893
三國志真戦,64,4126.0,147.36,13.0,48.0,4.8,420.0,35.0,1212909,18951.7,499.5,0.015625,0.0,0.046875,0.296875,0.0,71.78125,0.06896551724137931,0.04714954294159505,0.06460232238142245
恋と深空tgs,70,607.0,15.18,5.0,24.0,1.33,33.0,2.36,34114,487.34,65.5,0.0,0.05714285714285714,0.11428571428571428,0.3,0.21428571428571427,9.485714285714286,0.07662835249042145,0.006230695244872266,0.06254882104131161
サイレントヒルf,47,7058.0,252.07,5.5,20.0,2.86,923.0,65.93,259400,5519.15,283.0,0.0,0.10638297872340426,0.0425531914893617,0.19148936170212766,0.02127659574468085,170.2340425531915,0.04725415070242656,0.11181829933977218,0.06016698042989569
カオスゼロナイトメア,60,2735.0,80.44,12.0,30.0,2.5,204.0,9.27,765247,12754.12,562.5,0.05,0.05,0.11666666666666667,0.21666666666666667,0.0,49.483333333333334,0.06385696040868455,0.032503147408177786,0.0575861978085832
silenthill,15,5386.0,673.25,7.0,27.0,5.4,539.0,269.5,20748,1383.2,208.0,0.0,0.06666666666666667,0.0,0.0,0.0,396.8,0.006385696040868455,0.26063823964092175,0.05723620476087912
龍が如くtgs2025,52,4566.0,111.37,13.0,18.0,1.64,462.0,22.0,66555,1279.9,390.5,0.019230769230769232,0.21153846153846154,0.057692307692307696,0.21153846153846154,0.0,97.03846153846153,0.05363984674329502,0.06373975250213686,0.05565982789506339
メタ転,56,3307.0,75.16,1.0,45.0,9.0,260.0,16.25,103713,1852.02,163.0,0.0,0.0,0.03571428571428571,0.25,0.017857142857142856,64.5,0.05874840357598978,0.0423668509496962,0.055472093050731065
龍が如く,58,2261.0,57.97,2.0,43.0,1.59,192.0,16.0,112318,1936.52,480.0,0.0,0.06896551724137931,0.06896551724137931,0.15517241379310345,0.034482758620689655,43.03448275862069,0.06130268199233716,0.028267217313670604,0.054695589056603856
まのさば,49,4644.0,580.5,6.0,45.0,9.0,650.0,162.5,440023,8980.06,173.0,0.0,0.0,0.0,0.02040816326530612,0.0,108.95918367346938,0.04980842911877394,0.07156988363247209,0.05416072002151358
トリッカル,61,660.0,41.25,5.5,12.0,4.0,98.0,14.0,412273,6758.57,1993.0,0.22950819672131148,0.06557377049180328,0.0,0.16393442622950818,0.01639344262295082,12.62295081967213,0.06513409961685823,0.008291390324378213,0.05376555775836223
ガンホー,58,1029.0,36.75,2.0,68.0,3.78,94.0,10.44,59396,1024.07,383.0,0.0,0.0,0.017241379310344827,0.1206896551724138,0.0,20.53448275862069,0.06130268199233716,0.013488083261450998,0.051739762246159934
nikkecosplay,11,3639.0,519.86,21.0,17.0,8.5,302.0,60.4,76684,6971.27,267.0,0.0,0.0,0.0,0.45454545454545453,0.0,359.8181818181818,0.001277139208173691,0.23634671748963718,0.048291054864466394
デルタフォースtgs,50,2198.0,75.79,8.0,37.0,3.36,176.0,11.73,549914,10998.28,337.0,0.0,0.04,0.1,0.32,0.04,48.22,0.05108556832694764,0.03167332639991242,0.0472031199415406
mho,28,5602.0,560.2,13.5,4.0,1.33,181.0,22.62,10213,364.75,165.0,0.0,0.0,0.0,0.25,0.0,206.67857142857142,0.022988505747126436,0.13575690279396008,0.045542185156493165
デュエットナイトアビス,51,1069.0,41.12,3.0,41.0,1.95,77.0,8.56,770017,15098.37,746.0,0.0196078431372549,0.0,0.0196078431372549,0.11764705882352941,0.0,23.274509803921568,0.05236270753512133,0.015287871128526948,0.04494774025380246
第五人格tgs2025,48,1426.0,36.56,4.0,22.0,2.0,188.0,9.89,221994,4624.88,82.0,0.0,0.0,0.08333333333333333,0.1875,0.0,34.083333333333336,0.04853128991060025,0.02238765121243637,0.04330256217096748
aigranprix,49,197.0,98.5,98.5,164.0,164.0,175.0,175.0,76111,1553.29,3.0,0.0,0.0,0.0,0.0,0.0,10.938775510204081,0.04980842911877394,0.007185139094775246,0.04128377111397421
ff14,25,4219.0,324.54,3.0,22.0,2.75,560.0,140.0,35860,1434.4,232.0,0.0,0.04,0.04,0.04,0.0,192.04,0.019157088122605363,0.12614155126170012,0.040553980750424316
スクエニtgs,46,806.0,57.57,9.5,15.0,1.25,74.0,10.57,198840,4322.61,507.5,0.021739130434782608,0.10869565217391304,0.0,0.13043478260869565,0.17391304347826086,19.456521739130434,0.04597701149425287,0.012780024132112607,0.03933761402182482
omen_hyperx_tgs2025,48,86.0,9.56,1.0,15.0,1.67,12.0,12.0,147092,3064.42,243.5,0.020833333333333332,0.020833333333333332,0.0,0.16666666666666666,0.0,2.3541666666666665,0.04853128991060025,0.0015463353221303847,0.03913429899290628
アズールプロミリア,44,1337.0,58.13,9.0,18.0,1.5,90.0,6.0,241808,5495.64,680.0,0.0,0.13636363636363635,0.045454545454545456,0.20454545454545456,0.06818181818181818,32.84090909090909,0.04342273307790549,0.0215715643489468,0.03905249933211376
p5xjp,37,2686.0,107.44,10.0,15.0,2.14,251.0,17.93,278611,7530.03,470.0,0.0,0.0,0.0,0.35135135135135137,0.0,79.78378378378379,0.034482758620689655,0.0524060104770598,0.03806740899196368
nikke,45,607.0,24.28,2.0,24.0,1.2,54.0,6.75,70801,1573.36,461.0,0.0,0.0,0.0,0.13333333333333333,0.06666666666666667,15.222222222222221,0.04469987228607918,0.009998722790884375,0.03775964238704022
第五人格,21,3723.0,338.45,4.0,7.0,2.33,313.0,78.25,1264578,60218.0,722.0,0.0,0.14285714285714285,0.0,0.5714285714285714,0.0,192.52380952380952,0.0140485312899106,0.12645934174206108,0.0365306933803407
ウィズダフネ,39,1443.0,72.15,6.0,25.0,2.5,198.0,22.0,238546,6116.56,328.0,0.0,0.10256410256410256,0.1282051282051282,0.3076923076923077,0.02564102564102564,42.717948717948715,0.037037037037037035,0.028059301801706966,0.03524148998997102
ガレリアベースtgs2025,44,25.0,5.0,3.0,1.0,1.0,3.0,1.5,17063,387.8,215.5,0.0,0.022727272727272728,0.045454545454545456,0.045454545454545456,0.0,0.6590909090909091,0.04342273307790549,0.0004329241288023925,0.03482477128808488
スターレゾナンス,34,2352.0,168.0,10.5,19.0,3.17,189.0,21.0,111786,3287.82,344.0,0.0,0.08823529411764706,0.029411764705882353,0.3235294117647059,0.11764705882352941,75.29411764705883,0.03065134099616858,0.049456971468865615,0.03441246709070799
tgsmoe,28,3214.0,292.18,256.0,2.0,1.0,136.0,15.11,30472,1088.29,253.0,0.0,0.0,0.03571428571428571,0.14285714285714285,0.0,119.71428571428571,0.022988505747126436,0.07863437673498432,0.03411767994469801
codevein2,41,386.0,19.3,8.0,9.0,1.12,45.0,4.5,32971,804.17,131.0,0.024390243902439025,0.024390243902439025,0.0,0.14634146341463414,0.0,10.731707317073171,0.03959131545338442,0.007049126268809352,0.03308287761646941
無限大ananta,34,1931.0,87.77,2.0,12.0,12.0,150.0,50.0,36337,1068.74,127.0,0.058823529411764705,0.11764705882352941,0.0,0.14705882352941177,0.029411764705882353,61.55882352941177,0.03065134099616858,0.04043493800169364,0.0326080603972736
モンハンアウトランダーズ,21,3183.0,176.83,23.0,3.0,1.0,135.0,10.38,30529,1453.76,518.0,0.0,0.19047619047619047,0.047619047619047616,0.42857142857142855,0.0,158.14285714285714,0.0140485312899106,0.1038761993384578,0.03201406489962004
thefirstdescendant,25,2569.0,151.12,10.0,12.0,2.0,258.0,25.8,227115,9084.6,287.0,0.0,0.04,0.08,0.16,0.0,113.56,0.019157088122605363,0.07459193168755815,0.03024405683559592
コスプレ,37,149.0,8.28,5.0,4.0,1.0,44.0,4.4,37474,1012.81,151.0,0.0,0.02702702702702703,0.0,0.5405405405405406,0.0,5.324324324324325,0.034482758620689655,0.0034972845745192345,0.028285663811455572
nikketgs,16,2347.0,586.75,89.5,24.0,2.4,232.0,77.33,74750,4671.88,134.5,0.0,0.0625,0.0,0.3125,0.0625,162.6875,0.007662835249042145,0.10686134982757677,0.027502538164749072
nextgear,29,1544.0,171.56,1.0,40.0,8.0,72.0,36.0,40043,1380.79,537.0,0.034482758620689655,0.034482758620689655,0.0,0.06896551724137931,0.0,57.10344827586207,0.024265644955300127,0.03750842297390907,0.02691420055902192
レースクイーン,34,446.0,29.73,2.0,35.0,5.0,37.0,18.5,46308,1362.0,395.0,0.0,0.029411764705882353,0.0,0.08823529411764706,0.0,15.235294117647058,0.03065134099616858,0.010007309070653276,0.02652253461106552
おしゃべりん堂,32,904.0,32.29,31.0,1.0,1.0,2.0,1.0,20832,651.0,399.5,0.0,0.0625,0.0625,0.0625,0.03125,28.34375,0.0280970625798212,0.018617603590782197,0.0262011707820134
恋と深空,32,647.0,29.41,2.0,21.0,1.62,63.0,10.5,41869,1308.41,131.0,0.03125,0.03125,0.09375,0.1875,0.1875,22.84375,0.0280970625798212,0.015004926378017406,0.025478635339460445
deathstranding2,31,511.0,30.06,2.0,16.0,1.45,86.0,12.29,44384,1431.74,522.0,0.0,0.0,0.03225806451612903,0.03225806451612903,0.0,19.774193548387096,0.02681992337164751,0.012988686987828844,0.024053676094883777
セイカノ,32,183.0,7.32,1.0,2.0,1.0,23.0,3.83,34879,1089.97,359.0,0.0,0.0,0.0,0.125,0.03125,6.5,0.0280970625798212,0.004269527615085664,0.023331555586874095
塊魂,26,1125.0,62.5,5.0,10.0,1.67,96.0,10.67,68120,2620.0,195.5,0.038461538461538464,0.038461538461538464,0.038461538461538464,0.15384615384615385,0.038461538461538464,47.34615384615385,0.020434227330779056,0.031099340202192027,0.02256724990506165
ukiyostudios,30,353.0,16.81,1.0,17.0,3.4,65.0,21.67,49810,1660.33,208.5,0.0,0.1,0.03333333333333333,0.13333333333333333,0.0,14.5,0.02554278416347382,0.009524330833652636,0.022339093497509583
星砂島物語,26,958.0,47.9,1.0,30.0,3.0,97.0,24.25,108995,4192.12,966.5,0.0,0.0,0.0,0.2692307692307692,0.0,41.73076923076923,0.020434227330779056,0.027410872558390212,0.02182955637630129
制服カノジョ,16,1759.0,175.9,1.0,20.0,20.0,62.0,31.0,13467,841.69,266.0,0.0,0.0,0.0,0.0,0.0,115.0625,0.007662835249042145,0.07557884941704526,0.02124603808264277
紅の砂漠tgs,28,542.0,54.2,2.5,11.0,2.75,25.0,6.25,70328,2511.71,26.5,0.03571428571428571,0.21428571428571427,0.0,0.10714285714285714,0.03571428571428571,20.642857142857142,0.022988505747126436,0.013559269019337988,0.021102658401568747
ai,30,6.0,2.0,1.0,0.0,,0.0,,221521,7384.03,852.5,0.03333333333333333,0.03333333333333333,0.03333333333333333,0.03333333333333333,0.0,0.2,0.02554278416347382,0.0001313700804641743,0.02046050134687189
tgs_riotgames,14,1426.0,285.2,13.0,12.0,2.0,187.0,62.33,228522,16323.0,623.0,0.0,0.0,0.0,0.0,0.0,116.07142857142857,0.005108556832694764,0.07624156455510114,0.019335158377176042
flydigi,25,325.0,18.06,1.0,34.0,2.12,33.0,8.25,103035,4121.4,491.0,0.0,0.04,0.04,0.36,0.08,15.68,0.019157088122605363,0.010299414308391264,0.017385553359762544
逆水寒tgs,25,196.0,10.32,3.0,4.0,1.0,25.0,6.25,48456,1938.24,35.0,0.0,0.08,0.0,0.16,0.0,9.0,0.019157088122605363,0.005911653620887842,0.01650800122226186
shf残置物展,26,13.0,1.3,1.0,5.0,1.0,0.0,,23440,901.54,292.0,0.0,0.0,0.0,0.0,0.0,0.6923076923076923,0.020434227330779056,0.00045474258622214174,0.016438330381867674
yahooニュース,26,11.0,2.2,2.0,2.0,1.0,1.0,1.0,37179,1429.96,354.0,0.0,0.19230769230769232,0.2692307692307692,0.11538461538461539,0.11538461538461539,0.5384615384615384,0.020434227330779056,0.0003536886781727769,0.0164181196002578
抽選,26,0.0,,,0.0,,0.0,,54158,2083.0,515.5,0.07692307692307693,0.0,0.0,0.0,0.0,0.0,0.020434227330779056,0.0,0.016347381864623246
パニグレ,19,846.0,94.0,1.0,33.0,1.94,126.0,126.0,106649,5613.11,359.0,0.0,0.0,0.0,0.15789473684210525,0.0,52.89473684210526,0.011494252873563218,0.034743929175393456,0.016144188133929267
キングショット,22,506.0,56.22,3.0,20.0,6.67,61.0,20.33,184594,8390.64,292.5,0.0,0.045454545454545456,0.18181818181818182,0.2727272727272727,0.0,26.681818181818183,0.01532567049808429,0.017525963007379616,0.015765728999943357
スタレゾtgs,20,725.0,48.33,5.0,6.0,1.0,29.0,4.14,6607,330.35,254.5,0.0,0.35,0.05,0.45,0.15,38.0,0.01277139208173691,0.024960315288193112,0.01520917672302815
城ドラtgsフェス,21,581.0,34.18,36.0,24.0,1.71,4.0,2.0,13716,653.14,304.0,0.09523809523809523,0.0,0.047619047619047616,0.14285714285714285,0.19047619047619047,29.0,0.0140485312899106,0.01904866166730527,0.015048557365389535
結城さくな,22,293.0,18.31,14.5,9.0,1.8,11.0,3.67,17731,805.95,533.5,0.0,0.045454545454545456,0.13636363636363635,0.2727272727272727,0.09090909090909091,14.227272727272727,0.01532567049808429,0.009345189814837852,0.014129574361435004
エンドフィールド,18,650.0,130.0,11.0,15.0,1.88,81.0,27.0,56983,3165.72,461.0,0.0,0.1111111111111111,0.05555555555555555,0.2777777777777778,0.0,41.44444444444444,0.010217113665389528,0.027222800007298334,0.01361825093377129
cosplay,18,659.0,65.9,6.5,6.0,2.0,51.0,8.5,11575,643.06,357.5,0.0,0.0,0.0,0.2222222222222222,0.05555555555555555,39.77777777777778,0.010217113665389528,0.02612804933676355,0.013399300799664334
ボダラン4tgs,20,349.0,31.73,9.0,19.0,1.9,70.0,11.67,254078,12703.9,2585.0,0.0,0.0,0.0,0.4,0.05,21.9,0.01277139208173691,0.014385023810827083,0.013094118427554945
elgato,22,89.0,14.83,3.0,13.0,1.3,0.0,,73454,3338.82,804.5,0.0,0.0,0.045454545454545456,0.0,0.0,4.636363636363637,0.01532567049808429,0.003045397319851313,0.012869615862437695
capcom,22,82.0,11.71,1.0,9.0,3.0,9.0,3.0,15268,694.0,255.0,0.0,0.13636363636363635,0.045454545454545456,0.18181818181818182,0.09090909090909091,4.545454545454546,0.01532567049808429,0.002985683646913052,0.012857673127850043
playstation,22,81.0,9.0,1.0,7.0,1.0,3.0,1.0,16439,747.23,198.5,0.0,0.0,0.0,0.13636363636363635,0.0,4.136363636363637,0.01532567049808429,0.0027169721186908772,0.012803930822205609
valorant,14,884.0,80.36,5.0,14.0,1.56,16.0,4.0,20140,1438.57,779.0,0.0,0.07142857142857142,0.07142857142857142,0.14285714285714285,0.0,65.28571428571429,0.005108556832694764,0.042882947694376894,0.012663435005031191
genshinimpact,22,32.0,4.57,1.0,1.0,1.0,5.0,5.0,33621,1528.23,340.5,0.0,0.0,0.0,0.045454545454545456,0.0,1.7272727272727273,0.01532567049808429,0.0011345597858269598,0.012487448355632825
野田ゲー,19,346.0,20.35,7.0,6.0,1.2,11.0,2.75,5199,273.63,234.0,0.0,0.05263157894736842,0.15789473684210525,0.21052631578947367,0.0,19.105263157894736,0.011494252873563218,0.01254929979170928,0.011705262257192432
信長の野望真戦,16,586.0,97.67,2.5,14.0,7.0,65.0,21.67,89837,5614.81,275.0,0.0,0.0,0.125,0.1875,0.0,41.5625,0.007662835249042145,0.027300344846461218,0.01159033716852596
poe2tgs,21,11.0,2.2,1.0,5.0,1.0,1.0,1.0,414592,19742.48,265.0,0.0,0.0,0.047619047619047616,0.19047619047619047,0.0,0.8095238095238095,0.0140485312899106,0.0005317360399740387,0.01134517223992329
deltaforce,20,136.0,9.71,1.5,2.0,1.0,9.0,3.0,26939,1346.95,423.0,0.0,0.1,0.0,0.45,0.0,7.35,0.01277139208173691,0.004827850457058405,0.011182683756801209
omen_hyperx,17,461.0,38.42,1.0,20.0,6.67,29.0,14.5,38013,2236.06,729.0,0.0,0.0,0.0,0.17647058823529413,0.0,30.0,0.008939974457215836,0.019705512069626143,0.011093081979697897
幻塔,16,448.0,44.8,3.0,10.0,2.0,82.0,16.4,169379,10586.19,722.0,0.0625,0.0,0.125,0.75,0.0,33.75,0.007662835249042145,0.022168701078329408,0.010564008414899599
エターナルリターン,12,662.0,132.4,9.0,15.0,7.5,71.0,35.5,245567,20463.92,314.0,0.0,0.0,0.0,0.16666666666666666,0.0,62.333333333333336,0.002554278416347382,0.040943675078000986,0.010232157748678103
声優esports部,19,65.0,32.5,32.5,1.0,1.0,9.0,9.0,379709,19984.68,1448.0,0.0,0.0,0.3157894736842105,0.05263157894736842,0.0,3.9473684210526314,0.011494252873563218,0.002592830535477124,0.009713968405945999
aorus,13,565.0,56.5,69.0,6.0,1.2,47.0,5.88,205327,15794.38,274.0,0.0,0.15384615384615385,0.0,0.46153846153846156,0.0,47.53846153846154,0.0038314176245210726,0.031225657587253732,0.009310265617067605
msi_tgs2025,14,488.0,48.8,2.0,10.0,2.5,30.0,7.5,73448,5246.29,831.0,0.0,0.0,0.07142857142857142,0.35714285714285715,0.0,37.714285714285715,0.005108556832694764,0.024772643744672865,0.009041374215090384
日経gaming,17,148.0,10.57,2.0,2.0,1.0,49.0,3.5,85968,5056.94,5824.0,0.0,0.11764705882352941,0.058823529411764705,0.11764705882352941,0.058823529411764705,11.705882352941176,0.008939974457215836,0.0076890135330502,0.00868978227238271
ad,16,214.0,53.5,1.0,1.0,1.0,41.0,20.5,505363,31585.19,4.0,0.0,0.0,0.0625,0.0,0.1875,16.0,0.007662835249042145,0.010509606437133943,0.008232189486660504
ゴチャ17,11,501.0,100.2,2.0,16.0,16.0,34.0,34.0,29223,2656.64,174.0,0.0,0.0,0.0,0.0,0.0,50.09090909090909,0.001277139208173691,0.032902233788981834,0.00760215812433532
battlefield6,10,521.0,86.83,24.5,18.0,3.6,27.0,9.0,13095,1309.5,169.0,0.0,0.1,0.0,0.0,0.0,56.6,0.0,0.03717773277136132,0.007435546554272265
星の翼,10,443.0,55.38,9.5,4.0,1.33,99.0,33.0,51675,5167.5,557.5,0.0,0.3,0.1,0.2,0.2,54.6,0.0,0.03586403196671958,0.007172806393343916
8番出口,16,27.0,2.45,1.0,0.0,,15.0,3.75,14194,887.12,389.0,0.0,0.125,0.0625,0.0625,0.0,2.625,0.007662835249042145,0.0017242323060922874,0.006475114660452174
野田軍になろう,12,357.0,35.7,22.5,2.0,1.0,39.0,6.5,6240,520.0,197.5,0.08333333333333333,0.0,0.0,0.25,0.0,33.166666666666664,0.002554278416347382,0.021785538343642233,0.006400530401806352
ブレイカーズ,16,19.0,1.58,1.0,0.0,,0.0,,12878,804.88,428.5,0.0,0.0625,0.0625,0.3125,0.0625,1.1875,0.007662835249042145,0.0007800098527560348,0.006286270169784924
日本ゲーム大賞,16,15.0,2.14,1.0,4.0,1.0,0.0,,9470,591.88,174.0,0.0,0.0,0.0,0.0,0.0,1.1875,0.007662835249042145,0.0007800098527560348,0.006286270169784924
smilegate,13,278.0,46.33,19.0,11.0,2.2,26.0,6.5,41216,3170.46,326.0,0.0,0.0,0.23076923076923078,0.07692307692307693,0.0,24.23076923076923,0.0038314176245210726,0.01591599051777496,0.0062483322031718505
デルタフォース,14,190.0,15.83,6.0,5.0,1.0,14.0,2.8,18927,1351.93,557.5,0.0,0.07142857142857142,0.0,0.07142857142857142,0.07142857142857142,14.928571428571429,0.005108556832694764,0.009805838148933009,0.006048013095942413
tfd1001update,15,50.0,7.14,4.0,23.0,7.67,0.0,,2703,180.2,55.0,0.0,0.0,0.0,0.0,0.0,4.866666666666666,0.006385696040868455,0.0031966719579615737,0.005747891224287079
anantatgs,12,306.0,38.25,2.5,0.0,,23.0,7.67,10810,900.83,96.5,0.0,0.08333333333333333,0.0,0.0,0.08333333333333333,27.416666666666668,0.002554278416347382,0.018008648530297225,0.00564515243913735
nintendoswitch2,15,3.0,1.5,1.5,0.0,,0.0,,17355,1157.0,1157.0,0.0,0.26666666666666666,0.13333333333333333,0.13333333333333333,0.06666666666666667,0.2,0.006385696040868455,0.0001313700804641743,0.005134830848787599
城ドラ,13,169.0,18.78,1.0,14.0,1.4,9.0,9.0,20222,1555.54,225.0,0.0,0.0,0.07692307692307693,0.07692307692307693,0.0,14.76923076923077,0.0038314176245210726,0.009701175172739024,0.005005369134164663
七つの大罪,10,336.0,56.0,8.5,11.0,3.67,17.0,4.25,13117,1311.7,647.0,0.0,0.1,0.1,0.4,0.0,36.4,0.0,0.023909354644479717,0.004781870928895943
イナズマイレブン,11,268.0,44.67,3.0,3.0,1.0,36.0,36.0,4224,384.0,179.0,0.0,0.45454545454545453,0.0,0.09090909090909091,0.0,27.90909090909091,0.001277139208173691,0.01833209759204614,0.004688130884948181
モンハンワイルズ,14,51.0,7.29,2.0,2.0,1.0,6.0,6.0,104899,7492.79,161.5,0.0,0.14285714285714285,0.21428571428571427,0.0,0.0,4.214285714285714,0.005108556832694764,0.0027681552669236724,0.004640476519540546
雑談,14,34.0,4.86,3.0,1.0,1.0,4.0,2.0,8810,629.29,176.0,0.0,0.0,0.0,0.0,0.14285714285714285,2.7857142857142856,0.005108556832694764,0.0018297975493224274,0.004452804976020297
dcre,14,1.0,1.0,1.0,1.0,1.0,0.0,,11691,835.07,283.0,0.0,0.0,0.21428571428571427,0.0,0.0,0.14285714285714285,0.005108556832694764,9.383577176012447e-05,0.004105612620507836
indiegame,13,53.0,7.57,7.0,0.0,,13.0,6.5,2992,230.15,191.0,0.0,0.0,0.07692307692307693,0.0,0.0,5.076923076923077,0.0038314176245210726,0.003334778965629039,0.0037320898927426663
twitch,12,132.0,16.5,5.5,5.0,1.67,10.0,3.33,5114,426.17,223.5,0.08333333333333333,0.08333333333333333,0.16666666666666666,0.16666666666666666,0.0,12.25,0.002554278416347382,0.008046417428430675,0.0036527062187640407
桃太郎電鉄2,11,160.0,20.0,2.0,10.0,5.0,10.0,10.0,16938,1539.82,451.0,0.0,0.09090909090909091,0.0,0.36363636363636365,0.0,16.363636363636363,0.001277139208173691,0.010748461128886987,0.00317140359231635
デジモン,13,5.0,1.67,1.0,1.0,1.0,0.0,,4770,366.92,91.0,0.15384615384615385,0.07692307692307693,0.0,0.07692307692307693,0.15384615384615385,0.46153846153846156,0.0038314176245210726,0.0003031617241480945,0.0031257664444464773
apexlegends,12,39.0,3.55,1.0,9.0,1.0,3.0,3.0,8982,748.5,623.5,0.0,0.0,0.0,0.16666666666666666,0.0,4.25,0.002554278416347382,0.0027916142098637032,0.0026017455750506463
スト6,12,32.0,6.4,7.0,3.0,1.0,2.0,2.0,10269,855.75,797.0,0.0,0.08333333333333333,0.16666666666666666,0.08333333333333333,0.08333333333333333,3.0833333333333335,0.002554278416347382,0.0020252887404893535,0.0024484804811757766
神託のメソロギア,10,149.0,21.29,10.0,6.0,3.0,16.0,5.33,5845,584.5,161.0,0.0,0.2,0.0,0.3,0.0,17.1,0.0,0.011232141879686902,0.0022464283759373806
クリエイターサポートプログラム,11,69.0,6.9,3.5,5.0,1.25,1.0,1.0,11271,1024.64,1321.0,0.0,0.36363636363636365,0.0,0.18181818181818182,0.0,6.818181818181818,0.001277139208173691,0.004478525470369578,0.0019174164606128685
逆水寒,11,63.0,12.6,4.0,4.0,1.33,2.0,1.0,24222,2202.0,1529.0,0.0,0.18181818181818182,0.0,0.7272727272727273,0.18181818181818182,6.2727272727272725,0.001277139208173691,0.004120243432740011,0.001845760053086955
2bro,11,55.0,9.17,2.0,8.0,1.6,0.0,,6107,555.18,186.0,0.0,0.0,0.09090909090909091,0.0,0.09090909090909091,5.7272727272727275,0.001277139208173691,0.0037619613951104455,0.001774103645561042
pixio,11,14.0,1.56,1.0,2.0,1.0,0.0,,24204,2200.36,407.0,0.0,0.0,0.0,0.18181818181818182,0.0,1.4545454545454546,0.001277139208173691,0.0009554187670121766,0.0012127951199413882
tgs2026,11,8.0,2.0,2.0,0.0,,0.0,,5848,531.64,419.0,0.0,0.0,0.0,0.0,0.0,0.7272727272727273,0.001277139208173691,0.0004777093835060883,0.0011172532432401705
きゅんtube,10,49.0,24.5,24.5,8.0,8.0,2.0,2.0,4030,403.0,189.5,0.0,0.2,0.1,0.0,0.1,5.9,0.0,0.0038754173736931415,0.0007750834747386284
dq1and2,10,38.0,4.75,4.0,2.0,1.0,2.0,1.0,4867,486.7,438.0,0.0,0.3,0.0,0.1,0.1,4.2,0.0,0.0027587716897476597,0.000551754337949532
スタンミtgs,10,36.0,7.2,7.0,0.0,,4.0,2.0,1901,190.1,34.5,0.0,0.0,0.0,0.0,0.0,4.0,0.0,0.0026274016092834858,0.0005254803218566972
residentevilrequiem,10,2.0,2.0,2.0,4.0,2.0,0.0,,3347,334.7,158.0,0.0,0.0,0.0,0.0,0.0,0.6,0.0,0.0003941102413925228,7.882204827850457e-05
トリッカル・もちもちほっぺ大作戦,10,0.0,,,0.0,,0.0,,4276,427.6,214.5,0.0,0.0,0.0,0.1,0.0,0.0,0.0,0.0,0.0
